Area,Perimeter,MajorAxisLength,MinorAxisLength,AspectRation,Eccentricity,ConvexArea,EquivDiameter,Extent,Solidity,roundness,Compactness,ShapeFactor1,ShapeFactor2,ShapeFactor3,ShapeFactor4,class
71016,1068.4879999999998 px,379.49878677677606,239.198683968092,1.5865421183813846,0.7763503857085862,72219,300.69981627681835,0.7335378513216201,0.9833423337348897,0.7816759908249168,0.7923604152486847,0.005343849087202547,0.0012993466509429216,0.6278350276530682,0.996086714766734,BARBUNYA
75854,1095.8580000000002 px,402.9619968902599,240.92420540210205,1.6725675040318888,0.801583237972486,77204,310.77373187954777,0.8124892887746358,0.982513859385524,0.7937427774259115,0.7712234262234459,0.005312336816651197,0.0011592743245688922,0.5947855731558308,0.9948190215274242,BARBUNYA
60918,939.729 px,347.63270340419575,223.8423141421599,1.553024970888292,0.7651057456160097,61747,278.50171738460904,0.8216617210682493,0.9865742465220982,0.8668625515561863,0.8011378522716044,0.005706567901181847,0.0014500526096485257,0.6418218583423589,0.9967653728676115,BARBUNYA
68267,1020.2689999999999 px,400.80188355586824,218.38069148966235,1.8353357195722648,0.8385273913936601,68866,294.822393994139,0.6699674177592839,0.9913019487119914,0.824121605271132,0.7355813584968929,0.005871092673705718,0.0010602824103643402,0.5410799349681344,0.9930633317908553,CALI
87055,1142.042 px,455.259717206002,245.53759125875575,1.854134492694579,0.8420911711650707,87949,332.92922456119646,0.7536707414205077,0.9898350180218081,0.8387633238345259,0.7312951530270099,0.005229564266337396,9.226055164218465E-4,0.5347926008407978,0.9915774076567672,CALI
77315,1086.568 px,429.5829242837359,233.3919003149954,1.8406076804891385,0.8395393861556809,79121,313.7523153718536,0.7249006150615062,0.9771742015394144,0.8229241411136767,0.7303649601412529,0.005556268826019995,9.752652053404133E-4,0.5334329750021339,0.9818408308150983,CALI
70074,1020.4200000000001 px,396.7091017423693,225.63057168681496,1.7582240685584876,0.8225064914039376,70656,298.69882466754336,0.8109384221916192,0.9917629076086957,0.8456854305793676,0.7529416979737568,0.005661288091765409,0.0011223812807560046,0.5669212005476039,0.9967744997788703,CALI
152533,1504.6480000000001 px,548.8942349168655,354.89181100606834,1.546652297670176,0.7628650605935452,154915,440.69382509525656,0.7749085551717131,0.9846238259690798,0.846649880905755,0.8028756672257694,0.003598527760660745,9.223543575449771E-4,0.6446093370232244,0.9969865122066188,BOMBAY
63441,964.0039999999999 px,364.01511015974904,224.0159248393903,1.6249519333089024,0.7882127699700802,64762,284.21046771282624,0.7283027965284474,0.9796022358790649,0.8578714448649856,0.7807655775280858,0.005737852653012233,0.00131526052448099,0.6095948870527654,0.9905623902516133,CALI
82346,1149.477 px,388.13529255010667,270.99415876882017,1.4322644233863997,0.7159075391353081,83842,323.7996040003164,0.7705970428598166,0.9821569141957491,0.7831623488709739,0.8342441674729055,0.004713468687612108,0.0014082932740763358,0.6959633309625614,0.9968035189191709,BARBUNYA
76997,1099.4569999999999 px,413.36069385769866,237.60768073401434,1.7396773226385214,0.8182804158576081,78041,313.10641198476486,0.7929333498105124,0.9866224164221371,0.8004370283138675,0.7574653725846348,0.005368529862951786,0.0010901500315014755,0.5737537906647797,0.9981464583974066,BARBUNYA
79634,1074.5499999999997 px,415.7561489937886,245.7389034108398,1.6918613342174178,0.8066239392718244,80475,318.4229230213176,0.7829823215936129,0.9895495495495495,0.866672742352298,0.765888667652814,0.005220837192578404,0.0011081090134054975,0.5865854512390026,0.9924212441657451,CALI
153237,1527.8529999999998 px,573.8191367471188,342.7355750432304,1.6742327862368562,0.8020264586072323,155159,441.7096423178716,0.6621482646570797,0.9876127069651132,0.8249172065653442,0.7697715430367955,0.0037446513358204534,8.110330600027635E-4,0.5925482284692493,0.9920636715297845,BOMBAY
68764,1045.125 px,354.6890078360358,247.50082613080738,1.4330821168595942,0.7162958454269468,69957,295.8936363867407,0.7250603654614662,0.9829466672384465,0.7911057166239778,0.8342340186745376,0.005158062472166189,0.0015410543057970945,0.6959463979138688,0.9973483371432166,BARBUNYA
130070,1362.228 px,486.7062301859641,343.11478303830853,1.4184939100441607,0.7092340777736926,131860,406.95241439719047,0.751536932606083,0.9864249962080995,0.8808204695362861,0.8361356176634502,0.003741879220311864,0.0011281748750605774,0.6991227711254393,0.9917013932146332,BOMBAY
70448,1027.708 px,396.9221507116302,227.4069283854986,1.7454268149595276,0.8196072616461234,71325,299.4948738250836,0.764741641337386,0.9877041710480197,0.8381834042307622,0.7545431094942117,0.005634257192704267,0.001126555676936014,0.5693353040851941,0.9937331064534342,CALI
72980,1056.8680000000002 px,408.48227311008037,231.7964838518886,1.7622453383334709,0.8234024270236706,75011,304.82949656286905,0.7850097346370217,0.9729239711508979,0.8210549545113194,0.7462490213883081,0.0055971810511109945,0.0010707404667503692,0.5568876019230073,0.9813725804645252,CALI
52808,928.664 px,332.5824782687627,202.73214620841372,1.6405019356272172,0.7927326053190243,54100,259.3014343932067,0.702682563338301,0.9761182994454713,0.7694711886947523,0.7796605393735235,0.006297956337463315,0.0014354948019701965,0.6078705566562135,0.9972128248053124,BARBUNYA
66235,982.152 px,387.1243739072025,219.45974485350894,1.7639880797528995,0.8237885058942986,67073,290.40148285698115,0.7551848769197441,0.9875061500156546,0.8628593191082699,0.7501503455491367,0.005844710106547935,0.0011416579170166862,0.562725540927489,0.9926411463685931,CALI
54614,925.529 px,339.95229289380563,205.37060380373535,1.6553113571145983,0.7968964260693058,55585,263.6981313854275,0.769753347427766,0.9825312584330305,0.8011868038709564,0.7756915805471609,0.006224636409964581,0.0013901128624635248,0.6016974281317528,0.995996586333135,BARBUNYA
68551,991.1890000000001 px,381.21391959524027,230.85431304920897,1.6513181606183835,0.7957868530308863,69514,295.4350081340059,0.7335109570279061,0.9861466754898294,0.8768205325692787,0.7749848390837579,0.005561026383207251,0.001237392685373396,0.6006015008096781,0.9917841655816784,CALI
103899,1240.06 px,488.42097329760753,273.38222560222727,1.7865864257329696,0.8286773191159731,105229,363.7146071557185,0.8254141012909633,0.9873608986115995,0.8490550195225032,0.7446744244008904,0.004700920829821341,8.917198892981817E-4,0.5545399983567975,0.9907336335902376,CALI
79828,1120.981 px,352.0899634473451,289.49974648948586,1.2162012841698029,0.5691520154046741,81337,318.81054935042306,0.7303234069804675,0.9814475576920713,0.7983045589730712,0.9054803670883423,0.004410607348891931,0.001828918329482289,0.8198946951824394,0.9971569811648919,BARBUNYA
186519,1621.151 px,583.4342732595953,410.55042519529826,1.4211025916781268,0.7105180610505181,188837,487.3226514789332,0.8330162388123694,0.9877248632418435,0.8918380661948332,0.8352657254026318,0.003128015233084004,9.391766038641203E-4,0.6976688320323848,0.9914589853342738,BOMBAY
106064,1234.6039999999998 px,481.0983687022168,282.35270391405965,1.7038914876078177,0.8096653476915093,106961,367.48452902508734,0.810032228993875,0.991613765765092,0.8744248803826186,0.7638448868916192,0.00453592518387216,9.525029924217894E-4,0.5834590112304708,0.9941508426036734,CALI
69580,1012.7769999999999 px,352.2390496882487,252.62604858596256,1.3943100945443092,0.6968667998974428,70646,297.6440953935969,0.817069447380164,0.9849106814256999,0.8524455115415412,0.8450059573378608,0.005062360587643701,0.0015921057913795202,0.7140350679364745,0.9955863030824581,BARBUNYA
86371,1139.925 px,435.2204194491948,254.90795877468503,1.7073630087552083,0.8105289846622189,87429,331.6187158746031,0.7804796501120509,0.9878987521303,0.8352668684741067,0.7619557839089726,0.005038964692422165,0.0010477077545939244,0.5805766166323371,0.9912550389863058,CALI
59397,965.459 px,384.13325987579117,197.17416719076834,1.9481926326796029,0.8582114805305929,60021,275.00292587286134,0.6739090970977331,0.9896036387264457,0.8007679887634946,0.7159050116144149,0.006467216523996013,0.0010478974290531243,0.5125199856546355,0.9984876601534167,CALI
84049,1146.3980000000001 px,395.4512489630104,271.3095062181963,1.4575650314477928,0.7275301272729308,85440,327.130723863482,0.7880825128926394,0.9837195692883896,0.8036585606708229,0.8272340136017147,0.004705008375626246,0.0013591071464478905,0.6843161132596017,0.9974352371434626,BARBUNYA
66166,974.533 px,364.3490237386494,232.08462162042215,1.569897312431789,0.7708767433097715,66906,290.2501812522204,0.7117685025817556,0.9889397064538308,0.8754909169633484,0.7966267571514595,0.005506589845821863,0.001367987251186221,0.6346141902096503,0.9962791116412061,BARBUNYA
160250,1511.116 px,552.8430861775554,369.98305446517554,1.4942389374473135,0.7430490046438494,161847,451.70414769383046,0.8190353526835227,0.9901326561505619,0.8818856873082707,0.8170567001515465,0.003449878852902062,9.484018448067131E-4,0.6675816512625342,0.997526497241852,BOMBAY
65881,1027.604 px,409.53131747184574,207.2239824858422,1.9762737524833807,0.8625318505340239,67226,289.6244023674408,0.6319884118030774,0.9799928599053938,0.7840043538026044,0.707209412348182,0.006216228009165704,9.591771563543178E-4,0.500145152913861,0.9884237381354504,CALI
79893,1115.52 px,410.7433013680588,248.93385480478932,1.650009805577302,0.7954212138337909,81400,318.94031878633086,0.7683940215823186,0.9814864864864865,0.8067962503998293,0.7764954844644804,0.005141167578737296,0.00115291492399515,0.6029452373937281,0.9948655539257855,BARBUNYA
60169,964.5479999999999 px,370.0253756256494,211.50343100436524,1.749500581945701,0.8205381991059578,62285,276.784302602532,0.70570366287048,0.9660271333386851,0.8127088105599576,0.7480143818097266,0.006149767747937467,0.0011876220959753647,0.5595255153941874,0.9788902147955991,CALI
203101,1734.279 px,650.4675321974778,402.3138876183486,1.616816004160756,0.7857851388688523,206039,508.5235734705484,0.7433334553306737,0.9857405636796918,0.8485628120395582,0.7817816390506082,0.003202680105944716,7.379640238912178E-4,0.6111825311566554,0.9881696978375604,BOMBAY
